-- MySQL dump 10.13  Distrib 5.7.17, for Win64 (x86_64)
--
-- Host: localhost    Database: totalizator_db_schema
-- ------------------------------------------------------
-- Server version	5.7.20-log

/*!40101 SET @OLD_CHARACTER_SET_CLIENT=@@CHARACTER_SET_CLIENT */;
/*!40101 SET @OLD_CHARACTER_SET_RESULTS=@@CHARACTER_SET_RESULTS */;
/*!40101 SET @OLD_COLLATION_CONNECTION=@@COLLATION_CONNECTION */;
/*!40101 SET NAMES utf8 */;
/*!40103 SET @OLD_TIME_ZONE=@@TIME_ZONE */;
/*!40103 SET TIME_ZONE='+00:00' */;
/*!40014 SET @OLD_UNIQUE_CHECKS=@@UNIQUE_CHECKS, UNIQUE_CHECKS=0 */;
/*!40014 SET @OLD_FOREIGN_KEY_CHECKS=@@FOREIGN_KEY_CHECKS, FOREIGN_KEY_CHECKS=0 */;
/*!40101 SET @OLD_SQL_MODE=@@SQL_MODE, SQL_MODE='NO_AUTO_VALUE_ON_ZERO' */;
/*!40111 SET @OLD_SQL_NOTES=@@SQL_NOTES, SQL_NOTES=0 */;

--
-- Table structure for table `event`
--

DROP TABLE IF EXISTS `event`;
/*!40101 SET @saved_cs_client     = @@character_set_client */;
/*!40101 SET character_set_client = utf8 */;
CREATE TABLE `event` (
  `event_id` int(10) NOT NULL AUTO_INCREMENT,
  `event_name` varchar(45) DEFAULT NULL,
  `event_status` varchar(15) DEFAULT 'POSTED',
  `event_start_date` datetime DEFAULT NULL,
  `league_id` int(10) DEFAULT NULL,
  `rate_types` varchar(50) DEFAULT NULL,
  `live_translation_reference` varchar(300) DEFAULT NULL,
  `coefficient` float DEFAULT NULL,
  PRIMARY KEY (`event_id`)
) ENGINE=InnoDB AUTO_INCREMENT=32 DEFAULT CHARSET=utf8;
/*!40101 SET character_set_client = @saved_cs_client */;

--
-- Dumping data for table `event`
--

LOCK TABLES `event` WRITE;
/*!40000 ALTER TABLE `event` DISABLE KEYS */;
INSERT INTO `event` VALUES (30,'Турнир по PUBG','FINISHED','2017-04-15 05:03:00',5,'WIN,DRAW','',15),(31,'Турнир по квиддичу','POSTED','2019-04-15 05:03:00',6,'WIN','',NULL);
/*!40000 ALTER TABLE `event` ENABLE KEYS */;
UNLOCK TABLES;

--
-- Table structure for table `event_m2m_eventmember`
--

DROP TABLE IF EXISTS `event_m2m_eventmember`;
/*!40101 SET @saved_cs_client     = @@character_set_client */;
/*!40101 SET character_set_client = utf8 */;
CREATE TABLE `event_m2m_eventmember` (
  `event_m2m_eventmember_id` int(10) NOT NULL AUTO_INCREMENT,
  `event_id` int(10) DEFAULT NULL,
  `member_id` int(10) DEFAULT NULL,
  PRIMARY KEY (`event_m2m_eventmember_id`)
) ENGINE=InnoDB AUTO_INCREMENT=51 DEFAULT CHARSET=utf8;
/*!40101 SET character_set_client = @saved_cs_client */;

--
-- Dumping data for table `event_m2m_eventmember`
--

LOCK TABLES `event_m2m_eventmember` WRITE;
/*!40000 ALTER TABLE `event_m2m_eventmember` DISABLE KEYS */;
INSERT INTO `event_m2m_eventmember` VALUES (1,7,1),(2,7,2),(3,8,3),(4,8,4),(5,9,5),(6,9,6),(7,10,3),(8,10,4),(9,11,0),(10,11,0),(11,12,0),(12,12,0),(13,13,0),(14,13,0),(15,14,3),(16,14,4),(17,15,0),(18,15,0),(19,16,1),(20,16,2),(21,17,1),(22,17,0),(23,18,1),(24,18,0),(25,19,7),(26,19,8),(27,20,5),(28,20,6),(29,21,0),(30,21,0),(31,22,9),(32,22,10),(33,23,11),(34,23,12),(35,24,9),(36,24,10),(37,25,7),(38,25,8),(39,26,7),(40,26,8),(41,27,1),(42,27,2),(43,28,7),(44,28,8),(45,29,9),(46,29,10),(47,30,7),(48,30,8),(49,31,9),(50,31,10);
/*!40000 ALTER TABLE `event_m2m_eventmember` ENABLE KEYS */;
UNLOCK TABLES;

--
-- Table structure for table `eventcategory`
--

DROP TABLE IF EXISTS `eventcategory`;
/*!40101 SET @saved_cs_client     = @@character_set_client */;
/*!40101 SET character_set_client = utf8 */;
CREATE TABLE `eventcategory` (
  `category_name` varchar(15) DEFAULT NULL,
  `category_id` int(10) NOT NULL AUTO_INCREMENT,
  PRIMARY KEY (`category_id`)
) ENGINE=InnoDB AUTO_INCREMENT=8 DEFAULT CHARSET=utf8;
/*!40101 SET character_set_client = @saved_cs_client */;

--
-- Dumping data for table `eventcategory`
--

LOCK TABLES `eventcategory` WRITE;
/*!40000 ALTER TABLE `eventcategory` DISABLE KEYS */;
INSERT INTO `eventcategory` VALUES ('КиберСпорт',1),('Футбол',2),('Баскетбол',3),('Хогвартс',4),('Танцы',5),('Бокс',6),('TestCategory',7);
/*!40000 ALTER TABLE `eventcategory` ENABLE KEYS */;
UNLOCK TABLES;

--
-- Table structure for table `eventmember`
--

DROP TABLE IF EXISTS `eventmember`;
/*!40101 SET @saved_cs_client     = @@character_set_client */;
/*!40101 SET character_set_client = utf8 */;
CREATE TABLE `eventmember` (
  `member_id` int(10) NOT NULL AUTO_INCREMENT,
  `member_name` varchar(45) DEFAULT NULL,
  `league_id` int(10) DEFAULT NULL,
  PRIMARY KEY (`member_id`),
  KEY `league_id_idx` (`league_id`)
) ENGINE=InnoDB AUTO_INCREMENT=13 DEFAULT CHARSET=utf8;
/*!40101 SET character_set_client = @saved_cs_client */;

--
-- Dumping data for table `eventmember`
--

LOCK TABLES `eventmember` WRITE;
/*!40000 ALTER TABLE `eventmember` DISABLE KEYS */;
INSERT INTO `eventmember` VALUES (1,'Первый',3),(2,'Второй',3),(3,'Скитлз',1),(4,'Виннер007',1),(5,'Рональдиньо',2),(6,'Зидан',2),(7,'Виннеры! Forever',5),(8,'ДОТААА!',5),(9,'Пуффендуй',6),(10,'Слизерин',6),(11,'Иван',7),(12,'Костя',7);
/*!40000 ALTER TABLE `eventmember` ENABLE KEYS */;
UNLOCK TABLES;

--
-- Table structure for table `eventresult`
--

DROP TABLE IF EXISTS `eventresult`;
/*!40101 SET @saved_cs_client     = @@character_set_client */;
/*!40101 SET character_set_client = utf8 */;
CREATE TABLE `eventresult` (
  `eventresult_id` int(10) NOT NULL AUTO_INCREMENT,
  `event_id` int(10) DEFAULT NULL,
  `winner_id` int(10) DEFAULT NULL,
  `loser_id` int(10) DEFAULT NULL,
  `winner_score` int(10) DEFAULT NULL,
  `loser_score` int(10) DEFAULT NULL,
  PRIMARY KEY (`eventresult_id`)
) ENGINE=InnoDB AUTO_INCREMENT=25 DEFAULT CHARSET=utf8;
/*!40101 SET character_set_client = @saved_cs_client */;

--
-- Dumping data for table `eventresult`
--

LOCK TABLES `eventresult` WRITE;
/*!40000 ALTER TABLE `eventresult` DISABLE KEYS */;
INSERT INTO `eventresult` VALUES (1,8,0,0,5,2),(2,11,0,0,5,2),(3,12,0,0,1,0),(4,7,1,2,5,1),(5,13,0,0,5,2),(6,14,0,0,2,0),(7,15,0,0,6,0),(8,16,0,0,5,6),(9,17,0,0,6,4),(10,18,7,8,4,0),(11,18,0,0,8,3),(12,19,0,0,2,0),(13,20,0,0,5,4),(14,21,0,0,0,6),(15,21,0,0,4,1),(16,22,0,0,7,4),(17,25,0,0,2,2),(18,23,0,0,0,0),(19,24,0,0,8,5),(20,26,0,0,5,5),(21,27,0,0,4,2),(22,28,0,0,2,6),(23,29,0,0,0,0),(24,30,8,7,8,2);
/*!40000 ALTER TABLE `eventresult` ENABLE KEYS */;
UNLOCK TABLES;

--
-- Table structure for table `league`
--

DROP TABLE IF EXISTS `league`;
/*!40101 SET @saved_cs_client     = @@character_set_client */;
/*!40101 SET character_set_client = utf8 */;
CREATE TABLE `league` (
  `league_id` int(10) NOT NULL AUTO_INCREMENT,
  `event_category_id` int(10) DEFAULT NULL,
  `league_name` varchar(45) DEFAULT NULL,
  PRIMARY KEY (`league_id`)
) ENGINE=InnoDB AUTO_INCREMENT=8 DEFAULT CHARSET=utf8;
/*!40101 SET character_set_client = @saved_cs_client */;

--
-- Dumping data for table `league`
--

LOCK TABLES `league` WRITE;
/*!40000 ALTER TABLE `league` DISABLE KEYS */;
INSERT INTO `league` VALUES (1,1,'1Новая Лига'),(2,2,'2Высшая Лига'),(3,2,'3Дворовая Лига'),(4,3,'4Галактическая Лига'),(5,1,'Местная кибер лига'),(6,4,'Высшая лига'),(7,6,'Боксерская лига высш');
/*!40000 ALTER TABLE `league` ENABLE KEYS */;
UNLOCK TABLES;

--
-- Table structure for table `moneyoperation`
--

DROP TABLE IF EXISTS `moneyoperation`;
/*!40101 SET @saved_cs_client     = @@character_set_client */;
/*!40101 SET character_set_client = utf8 */;
CREATE TABLE `moneyoperation` (
  `moneyoperation_id` int(10) NOT NULL AUTO_INCREMENT,
  `date` datetime DEFAULT CURRENT_TIMESTAMP,
  `user_id` int(10) DEFAULT NULL,
  `operation_type` varchar(15) DEFAULT NULL,
  `amount` int(10) DEFAULT '0',
  `card_number` varchar(20) DEFAULT NULL,
  `validity_date` varchar(10) DEFAULT NULL,
  PRIMARY KEY (`moneyoperation_id`)
) ENGINE=InnoDB AUTO_INCREMENT=165 DEFAULT CHARSET=utf8;
/*!40101 SET character_set_client = @saved_cs_client */;

--
-- Dumping data for table `moneyoperation`
--

LOCK TABLES `moneyoperation` WRITE;
/*!40000 ALTER TABLE `moneyoperation` DISABLE KEYS */;
INSERT INTO `moneyoperation` VALUES (5,'2010-11-12 00:00:00',6,'INPUT',100,'1351569196494456','12/19'),(6,NULL,6,'INPUT',50,'1351569196494456','12/19'),(7,'2017-12-20 11:34:52',6,'INPUT',22,'1351569196494456','12/19'),(8,'2017-12-20 11:35:10',6,'OUTPUT',2,'1351569196494456','12/19'),(9,'2017-12-24 11:21:34',6,'INPUT',100,'1351569196494456','12/19'),(10,'2017-12-27 20:14:40',1,'INPUT',100,'0000000000000000','12/49'),(11,'2017-12-27 20:18:02',1,'OUTPUT',100,'0000000000000000','12/49'),(12,'2017-12-28 16:42:21',1,'INPUT',100,'0000000000000000','12/49'),(13,'2017-12-28 16:42:23',1,'INPUT',100,'0000000000000000','12/49'),(14,'2017-12-28 16:42:27',1,'INPUT',100,'0000000000000000','12/49'),(15,'2017-12-28 16:42:29',1,'OUTPUT',100,'0000000000000000','12/49'),(16,'2017-12-28 16:42:29',1,'OUTPUT',100,'0000000000000000','12/49'),(17,'2017-12-28 16:42:32',1,'OUTPUT',100,'0000000000000000','12/49'),(18,'2017-12-28 16:42:35',1,'INPUT',100,'0000000000000000','12/49'),(19,'2017-12-28 16:43:31',1,'INPUT',100,'0000000000000000','12/49'),(20,'2017-12-28 16:43:32',1,'INPUT',100,'0000000000000000','12/49'),(21,'2017-12-28 16:43:32',1,'INPUT',100,'0000000000000000','12/49'),(22,'2017-12-28 16:43:33',1,'INPUT',100,'0000000000000000','12/49'),(23,'2017-12-28 16:43:34',1,'INPUT',100,'0000000000000000','12/49'),(24,'2017-12-28 16:43:34',1,'INPUT',100,'0000000000000000','12/49'),(25,'2017-12-28 16:43:34',1,'INPUT',100,'0000000000000000','12/49'),(26,'2017-12-28 16:43:34',1,'INPUT',100,'0000000000000000','12/49'),(27,'2017-12-28 16:43:35',1,'OUTPUT',100,'0000000000000000','12/49'),(28,'2017-12-28 16:43:35',1,'OUTPUT',100,'0000000000000000','12/49'),(29,'2017-12-28 16:43:35',1,'OUTPUT',100,'0000000000000000','12/49'),(30,'2017-12-28 16:43:35',1,'OUTPUT',100,'0000000000000000','12/49'),(31,'2017-12-28 16:43:36',1,'OUTPUT',100,'0000000000000000','12/49'),(32,'2017-12-28 16:43:36',1,'OUTPUT',100,'0000000000000000','12/49'),(33,'2017-12-28 16:43:36',1,'OUTPUT',100,'0000000000000000','12/49'),(34,'2017-12-28 16:43:36',1,'OUTPUT',100,'0000000000000000','12/49'),(35,'2017-12-28 16:43:37',1,'OUTPUT',100,'0000000000000000','12/49'),(36,'2017-12-28 16:43:39',1,'INPUT',100,'0000000000000000','12/49'),(37,'2017-12-28 16:50:30',1,'INPUT',100,'0000000000000000','12/49'),(38,'2017-12-28 16:50:31',1,'INPUT',100,'0000000000000000','12/49'),(39,'2017-12-28 16:50:31',1,'INPUT',100,'0000000000000000','12/49'),(40,'2017-12-28 16:50:32',1,'INPUT',100,'0000000000000000','12/49'),(41,'2017-12-28 16:52:50',1,'INPUT',100,'0000000000000000','12/49'),(42,'2017-12-28 16:52:51',1,'INPUT',100,'0000000000000000','12/49'),(43,'2017-12-28 16:52:52',1,'INPUT',100,'0000000000000000','12/49'),(44,'2017-12-28 16:52:52',1,'INPUT',100,'0000000000000000','12/49'),(45,'2017-12-28 16:52:53',1,'INPUT',100,'0000000000000000','12/49'),(46,'2017-12-28 16:52:53',1,'INPUT',100,'0000000000000000','12/49'),(47,'2017-12-28 16:52:54',1,'INPUT',100,'0000000000000000','12/49'),(48,'2017-12-28 16:52:55',1,'INPUT',100,'0000000000000000','12/49'),(49,'2017-12-28 16:52:55',1,'INPUT',100,'0000000000000000','12/49'),(50,'2017-12-28 16:52:55',1,'INPUT',100,'0000000000000000','12/49'),(51,'2017-12-28 16:52:55',1,'INPUT',100,'0000000000000000','12/49'),(52,'2017-12-28 16:52:57',1,'OUTPUT',100,'0000000000000000','12/49'),(53,'2017-12-28 16:52:58',1,'OUTPUT',100,'0000000000000000','12/49'),(54,'2017-12-28 16:52:58',1,'OUTPUT',100,'0000000000000000','12/49'),(55,'2017-12-28 16:52:58',1,'OUTPUT',100,'0000000000000000','12/49'),(56,'2017-12-28 16:52:58',1,'OUTPUT',100,'0000000000000000','12/49'),(57,'2017-12-28 16:52:58',1,'OUTPUT',100,'0000000000000000','12/49'),(58,'2017-12-28 16:52:59',1,'OUTPUT',100,'0000000000000000','12/49'),(59,'2017-12-28 16:52:59',1,'OUTPUT',100,'0000000000000000','12/49'),(60,'2017-12-28 16:52:59',1,'OUTPUT',100,'0000000000000000','12/49'),(61,'2017-12-28 16:52:59',1,'OUTPUT',100,'0000000000000000','12/49'),(62,'2017-12-28 16:52:59',1,'OUTPUT',100,'0000000000000000','12/49'),(63,'2017-12-28 16:52:59',1,'OUTPUT',100,'0000000000000000','12/49'),(64,'2017-12-28 16:57:31',1,'INPUT',100,'0000000000000000','12/49'),(65,'2017-12-28 16:57:32',1,'OUTPUT',100,'0000000000000000','12/49'),(66,'2017-12-28 16:57:32',1,'OUTPUT',100,'0000000000000000','12/49'),(67,'2017-12-28 16:57:33',1,'OUTPUT',100,'0000000000000000','12/49'),(68,'2017-12-28 16:57:33',1,'OUTPUT',100,'0000000000000000','12/49'),(69,'2017-12-28 16:57:34',1,'OUTPUT',100,'0000000000000000','12/49'),(70,'2017-12-28 16:57:49',1,'INPUT',100,'0000000000000000','12/49'),(71,'2017-12-28 17:11:40',1,'OUTPUT',100,'0000000000000000','12/49'),(72,'2017-12-28 18:03:27',1,'INPUT',100,'0000000000000000','12/49'),(73,'2017-12-28 18:04:33',1,'OUTPUT',100,'0000000000000000','12/49'),(74,'2017-12-28 18:04:34',1,'INPUT',100,'0000000000000000','12/49'),(75,'2017-12-28 18:04:35',1,'OUTPUT',100,'0000000000000000','12/49'),(76,'2017-12-28 18:04:36',1,'INPUT',100,'0000000000000000','12/49'),(77,'2017-12-28 18:04:37',1,'OUTPUT',100,'0000000000000000','12/49'),(78,'2017-12-28 18:04:38',1,'INPUT',100,'0000000000000000','12/49'),(79,'2017-12-28 18:04:39',1,'OUTPUT',100,'0000000000000000','12/49'),(80,'2017-12-28 18:04:39',1,'INPUT',100,'0000000000000000','12/49'),(81,'2017-12-28 18:04:40',1,'OUTPUT',100,'0000000000000000','12/49'),(82,'2017-12-28 18:04:41',1,'INPUT',100,'0000000000000000','12/49'),(83,'2017-12-28 18:04:42',1,'OUTPUT',100,'0000000000000000','12/49'),(84,'2017-12-28 18:06:25',1,'INPUT',100,'0000000000000000','12/49'),(85,'2017-12-28 18:06:30',1,'OUTPUT',100,'0000000000000000','12/49'),(86,'2017-12-28 18:06:31',1,'INPUT',100,'0000000000000000','12/49'),(87,'2017-12-28 18:06:32',1,'OUTPUT',100,'0000000000000000','12/49'),(88,'2017-12-28 18:06:34',1,'INPUT',100,'0000000000000000','12/49'),(89,'2017-12-30 15:33:35',1,'OUTPUT',100,'0000000000000000','12/49'),(90,'2018-01-06 12:56:43',2,'INPUT',100,'0000000000000000','12/49'),(91,'2018-01-06 12:56:44',2,'OUTPUT',100,'0000000000000000','12/49'),(92,'2018-01-06 12:57:23',1,'INPUT',100,'1351569196494456','12/19'),(93,'2018-01-06 13:12:27',3,'INPUT',100,'0000000000000000','12/49'),(94,'2018-01-06 18:29:11',2,'INPUT',100,'0000000000000000','12/49'),(95,'2018-01-08 16:43:02',2,'OUTPUT',100,'0000000000000000','12/49'),(96,'2018-01-09 18:51:31',2,'INPUT',100,'0000000000000000','12/49'),(97,'2018-01-10 11:55:53',3,'INPUT',100,'0000000000000000','12/49'),(98,'2018-01-10 12:01:20',1,'INPUT',100,'1351569196494456','12/19'),(99,'2018-01-10 12:03:33',1,'INPUT',100,'1351569196494456','12/19'),(100,'2018-01-10 12:08:20',1,'INPUT',100,'0000000000000000','12/49'),(101,'2018-01-10 12:13:05',1,'INPUT',100,'1351569196494456','12/19'),(102,'2018-01-10 12:25:48',1,'INPUT',999,'1351569196494456','12/19'),(103,'2018-01-10 12:37:52',1,'OUTPUT',100,'0000000000000000','12/49'),(104,'2018-01-30 15:29:51',2,'INPUT',100,'1351569196494456','12/19'),(105,'2018-01-30 15:29:57',2,'OUTPUT',100,'0000000000000000','12/49'),(106,'2018-01-30 15:53:26',1,'INPUT',100,'0000000000000000','12/49'),(107,'2018-01-30 15:53:27',1,'OUTPUT',100,'0000000000000000','12/49'),(108,'2018-01-30 15:53:28',1,'INPUT',100,'0000000000000000','12/49'),(109,'2018-01-30 15:53:28',1,'OUTPUT',100,'0000000000000000','12/49'),(110,'2018-01-30 16:08:27',1,'INPUT',100,'0000000000000000','12/49'),(111,'2018-01-30 16:08:28',1,'OUTPUT',100,'0000000000000000','12/49'),(112,'2018-01-30 16:08:29',1,'INPUT',100,'0000000000000000','12/49'),(113,'2018-01-30 16:08:29',1,'OUTPUT',100,'0000000000000000','12/49'),(114,'2018-01-30 16:11:20',1,'INPUT',100,'0000000000000000','12/49'),(115,'2018-01-30 16:11:21',1,'OUTPUT',100,'0000000000000000','12/49'),(116,'2018-01-30 16:11:22',1,'INPUT',100,'0000000000000000','12/49'),(117,'2018-01-30 16:13:45',1,'OUTPUT',100,'0000000000000000','12/49'),(118,'2018-01-30 16:13:46',1,'INPUT',100,'0000000000000000','12/49'),(119,'2018-01-30 16:23:03',1,'OUTPUT',100,'0000000000000000','12/49'),(120,'2018-01-30 16:23:04',1,'INPUT',100,'0000000000000000','12/49'),(121,'2018-01-30 16:23:04',1,'OUTPUT',100,'0000000000000000','12/49'),(122,'2018-01-30 16:24:35',1,'OUTPUT',100,'1351569196494456','12/19'),(123,'2018-01-30 16:45:54',1,'INPUT',100,'0000000000000000','12/49'),(124,'2018-01-30 16:46:09',1,'OUTPUT',100,'1351569196494456','12/19'),(125,'2018-01-30 16:46:15',1,'OUTPUT',100,'1351569196494456','12/19'),(126,'2018-01-30 16:46:36',1,'OUTPUT',100,'1351569196494456','12/19'),(127,'2018-01-30 16:46:43',1,'OUTPUT',100,'1351569196494456','12/19'),(128,'2018-01-30 16:46:47',1,'INPUT',100,'0000000000000000','12/49'),(129,'2018-01-30 16:47:03',1,'OUTPUT',100,'1351569196494456','12/19'),(130,'2018-01-30 16:47:16',1,'OUTPUT',100,'1351569196494456','12/19'),(131,'2018-01-30 16:47:20',1,'INPUT',100,'0000000000000000','12/49'),(132,'2018-01-30 16:47:32',1,'OUTPUT',100,'1351569196494456','12/19'),(133,'2018-01-30 16:47:37',1,'OUTPUT',100,'1351569196494456','12/19'),(134,'2018-01-30 16:47:42',1,'INPUT',100,'0000000000000000','12/49'),(135,'2018-01-30 16:49:51',1,'INPUT',100,'0000000000000000','12/49'),(136,'2018-01-30 16:49:53',1,'INPUT',100,'0000000000000000','12/49'),(137,'2018-01-30 16:49:56',1,'INPUT',100,'0000000000000000','12/49'),(138,'2018-01-30 16:50:00',1,'OUTPUT',100,'0000000000000000','12/49'),(139,'2018-01-30 16:50:03',1,'OUTPUT',100,'0000000000000000','12/49'),(140,'2018-01-30 16:50:04',1,'OUTPUT',100,'0000000000000000','12/49'),(141,'2018-01-30 16:50:05',1,'OUTPUT',100,'0000000000000000','12/49'),(142,'2018-01-30 16:50:22',1,'INPUT',100,'1351569196494456','12/19'),(143,'2018-01-30 16:50:25',1,'INPUT',100,'1351569196494456','12/19'),(144,'2018-01-30 16:50:27',1,'INPUT',100,'1351569196494456','12/19'),(145,'2018-01-30 16:53:10',1,'INPUT',100,'1351569196494456','12/19'),(146,'2018-01-30 16:55:23',1,'OUTPUT',100,'1351569196494456','12/19'),(147,'2018-01-30 16:55:31',1,'INPUT',100,'0000000000000000','12/49'),(148,'2018-01-30 16:55:34',1,'INPUT',100,'0000000000000000','12/49'),(149,'2018-01-30 16:58:36',1,'INPUT',100,'0000000000000000','12/49'),(150,'2018-01-30 16:58:37',1,'INPUT',100,'0000000000000000','12/49'),(151,'2018-01-30 16:58:40',1,'INPUT',100,'0000000000000000','12/49'),(152,'2018-01-30 17:04:38',2,'INPUT',100,'0000000000000000','12/49'),(153,'2018-01-30 17:04:58',2,'INPUT',100,'0000000000000000','12/49'),(154,'2018-01-30 17:21:36',1,'INPUT',100,'1351569196494456','12/19'),(155,'2018-01-30 17:21:43',1,'INPUT',100,'1351569196494456','12/19'),(156,'2018-01-30 17:21:45',1,'INPUT',100,'1351569196494456','12/19'),(157,'2018-01-30 18:14:34',1,'INPUT',100,'1351569196494456','12/19'),(158,'2018-01-30 18:24:22',1,'INPUT',100,'1351569196494456','12/19'),(159,'2018-01-30 20:20:48',1,'OUTPUT',100,'0000000000000000','12/49'),(160,'2018-01-30 20:20:54',1,'INPUT',100,'0000000000000000','12/49'),(161,'2018-01-30 20:20:57',1,'OUTPUT',100,'0000000000000000','12/49'),(162,'2018-01-30 20:20:58',1,'INPUT',100,'0000000000000000','12/49'),(163,'2018-01-30 20:20:59',1,'OUTPUT',100,'0000000000000000','12/49'),(164,'2018-01-30 20:21:00',1,'INPUT',100,'0000000000000000','12/49');
/*!40000 ALTER TABLE `moneyoperation` ENABLE KEYS */;
UNLOCK TABLES;

--
-- Table structure for table `rate`
--

DROP TABLE IF EXISTS `rate`;
/*!40101 SET @saved_cs_client     = @@character_set_client */;
/*!40101 SET character_set_client = utf8 */;
CREATE TABLE `rate` (
  `rate_id` int(10) NOT NULL AUTO_INCREMENT,
  `event_id` int(10) DEFAULT NULL,
  `money` int(10) DEFAULT NULL,
  `win_money` int(10) DEFAULT NULL,
  `date` datetime DEFAULT NULL,
  `rate_type` varchar(15) DEFAULT NULL,
  `user_id` int(10) DEFAULT NULL,
  `event_member1_id` int(10) DEFAULT NULL,
  `event_member2_id` int(10) DEFAULT NULL,
  `event_member1_score` int(10) DEFAULT NULL,
  `event_member2_score` int(10) DEFAULT NULL,
  PRIMARY KEY (`rate_id`)
) ENGINE=InnoDB AUTO_INCREMENT=24 DEFAULT CHARSET=utf8;
/*!40101 SET character_set_client = @saved_cs_client */;

--
-- Dumping data for table `rate`
--

LOCK TABLES `rate` WRITE;
/*!40000 ALTER TABLE `rate` DISABLE KEYS */;
INSERT INTO `rate` VALUES (1,7,100,NULL,NULL,'DRAW',6,NULL,NULL,NULL,NULL),(2,7,10,NULL,NULL,'WIN',1,1,NULL,NULL,NULL),(3,12,10,NULL,NULL,'WIN',3,0,NULL,NULL,NULL),(4,13,100,100,NULL,'WIN',1,0,NULL,NULL,NULL),(5,16,100,NULL,NULL,'DRAW',1,NULL,NULL,NULL,NULL),(6,16,10,NULL,NULL,'WIN',1,1,NULL,NULL,NULL),(7,21,10,10,NULL,'WIN',2,0,NULL,NULL,NULL),(8,23,10,0,NULL,'WIN',2,11,NULL,NULL,NULL),(9,25,40,0,NULL,'WIN',1,7,NULL,NULL,NULL),(10,23,100,0,NULL,'WIN',1,11,NULL,NULL,NULL),(11,24,100,0,NULL,'DRAW',1,NULL,NULL,NULL,NULL),(12,26,50,0,NULL,'WIN',1,8,NULL,NULL,NULL),(13,26,50,0,NULL,'WIN',1,7,NULL,NULL,NULL),(14,27,30,0,NULL,'WIN',1,1,NULL,NULL,NULL),(15,27,30,0,NULL,'WIN',1,2,NULL,NULL,NULL),(16,27,30,0,NULL,'DRAW',1,NULL,NULL,NULL,NULL),(17,28,100,0,NULL,'WIN',1,7,NULL,NULL,NULL),(18,28,100,0,NULL,'WIN',1,8,NULL,NULL,NULL),(19,28,100,0,NULL,'DRAW',1,NULL,NULL,NULL,NULL),(20,29,100,1000,NULL,'WIN',1,9,NULL,NULL,NULL),(21,30,100,0,NULL,'WIN',1,7,NULL,NULL,NULL),(22,30,100,1500,NULL,'WIN',1,8,NULL,NULL,NULL),(23,30,100,0,NULL,'DRAW',1,NULL,NULL,NULL,NULL);
/*!40000 ALTER TABLE `rate` ENABLE KEYS */;
UNLOCK TABLES;

--
-- Table structure for table `user`
--

DROP TABLE IF EXISTS `user`;
/*!40101 SET @saved_cs_client     = @@character_set_client */;
/*!40101 SET character_set_client = utf8 */;
CREATE TABLE `user` (
  `user_id` int(10) NOT NULL AUTO_INCREMENT,
  `login` varchar(45) DEFAULT NULL,
  `pass_hash` varchar(45) DEFAULT NULL,
  `email` varchar(45) DEFAULT NULL,
  `role` varchar(15) DEFAULT 'USER',
  `banned` tinyint(4) DEFAULT '0',
  `balance` int(10) DEFAULT '0',
  `is_debtor` tinyint(4) DEFAULT '0',
  PRIMARY KEY (`user_id`)
) ENGINE=InnoDB AUTO_INCREMENT=4 DEFAULT CHARSET=utf8;
/*!40101 SET character_set_client = @saved_cs_client */;

--
-- Dumping data for table `user`
--

LOCK TABLES `user` WRITE;
/*!40000 ALTER TABLE `user` DISABLE KEYS */;
INSERT INTO `user` VALUES (1,'antronset','43f7fddbd8ef9583d4418e2550fa1180','antronset@gmail.com','USER',0,3409,1),(2,'antronsetADMIN','43f7fddbd8ef9583d4418e2550fa1180','antronset1@gmail.com','ADMINISTRATOR',0,300,1),(3,'antronsetBOOKMAKER','43f7fddbd8ef9583d4418e2550fa1180','antronset@gmail.com','BOOKMAKER',0,100,1);
/*!40000 ALTER TABLE `user` ENABLE KEYS */;
UNLOCK TABLES;
/*!40103 SET TIME_ZONE=@OLD_TIME_ZONE */;

/*!40101 SET SQL_MODE=@OLD_SQL_MODE */;
/*!40014 SET FOREIGN_KEY_CHECKS=@OLD_FOREIGN_KEY_CHECKS */;
/*!40014 SET UNIQUE_CHECKS=@OLD_UNIQUE_CHECKS */;
/*!40101 SET CHARACTER_SET_CLIENT=@OLD_CHARACTER_SET_CLIENT */;
/*!40101 SET CHARACTER_SET_RESULTS=@OLD_CHARACTER_SET_RESULTS */;
/*!40101 SET COLLATION_CONNECTION=@OLD_COLLATION_CONNECTION */;
/*!40111 SET SQL_NOTES=@OLD_SQL_NOTES */;

-- Dump completed on 2018-02-03 12:56:17
